"","PC1","PC2","PC3","PC4","PC5"
"AT",0.312998699187721,0.0105907193132066,-0.114108083051436,0.0695183264775124,-0.940247945298109
"V",0.494822523906959,0.260392179407622,0.678954088470127,-0.47311757132007,0.0502761593162517
"AP",-0.12634498705588,-0.10996210160256,0.652250040940258,0.736130016887933,-0.0680276619251368
"RH",-0.365531453992583,0.921087026791576,-0.0208385026354967,0.0838374921995942,-0.102579125205451
"PE",-0.712464865469912,-0.267564524657475,0.316443252469327,-0.471604536799869,-0.313457922937313
